Id,Culture,CreatedDate,UpdatedDate,CreatedBy,UpdatedBy,IsActive,IsDeleted,DisplayOrder,PermissionSetId,PermissionName,PermissionCode,Description,PermissionPage,OrganizationPath
1,"vn","2020-09-01 00:00:00.000000",,"system",,1,0,0,0,"Chi tiết hợp đồng đầu ra","VIEW_OUT_CONTRACT",,"/contract-output-management",
2,"vn","2020-09-01 00:00:00.000000",,"system",,1,0,0,0,"Thêm mới hợp đồng đầu ra","ADD_NEW_OUT_CONTRACT",,"/contract-output-management",
3,"vn","2020-09-01 00:00:00.000000",,"system",,1,0,0,0,"Chỉnh sửa hợp đồng đầu ra","EDIT_OUT_CONTRACT",,"/contract-output-management",
4,"vn","2020-09-01 00:00:00.000000",,"system",,1,0,0,0,"Nâng cấp thiết bị","UPGRADE_EQUIPMENTS_OUT_CONTRACT",,"/contract-output-management",
5,"vn","2020-09-01 00:00:00.000000",,"system",,1,0,0,0,"Nâng cấp dịch vụ/gói cước","UPGRADE_BANDWIDTH_OUT_CONTRACT",,"/contract-output-management",
6,"vn","2020-09-01 00:00:00.000000",,"system",,1,0,0,0,"Tạm ngưng dịch vụ","SUSPEND_SERVICE_PACKAGE_OUT_CONTRACT",,"/contract-output-management",
7,"vn","2020-09-01 00:00:00.000000",,"system",,1,0,0,0,"Hủy dịch vụ","TERMINATE_SERVICE_PACKAGE_OUT_CONTRACT",,"/contract-output-management",
8,"vn","2020-09-01 00:00:00.000000",,"system",,1,0,0,0,"Khôi phục dịch vụ","RESTORE_SERVICE_PACKAGE_OUT_CONTRACT",,"/contract-output-management",
9,"vn","2020-09-01 00:00:00.000000",,"system",,1,0,0,0,"Thêm mới dịch vụ/gói cước","ADD_NEW_SERVICE_PACKAGE_OUT_CONTRACT",,"/contract-output-management",
10,"vn","2020-09-01 00:00:00.000000",,"system",,1,0,0,0,"Thay đổi dịch vụ/gói cước","CHANGE_SERVICE_PACKAGE_OUT_CONTRACT",,"/contract-output-management",
11,"vn","2020-09-01 00:00:00.000000",,"system",,1,0,0,0,"Dịch chuyển địa điểm","CHANGE_LOCATION_OUT_CONTRACT",,"/contract-output-management",
12,"vn","2020-09-01 00:00:00.000000",,"system",,1,0,0,0,"Thay đổi thiết bị","CHANGE_EQUIPMENT_OUT_CONTRACT",,"/contract-output-management",
13,"vn","2020-09-01 00:00:00.000000",,"system",,1,0,0,0,"Thu hồi thiết bị","RECLAIM_EQUIPMENT_OUT_CONTRACT",,"/contract-output-management",
14,"vn","2020-09-01 00:00:00.000000",,"system",,1,0,0,0,"Hủy hợp đồng đầu ra","TERMINATE_OUT_CONTRACT",,"/contract-output-management",
15,"vn","2020-09-01 00:00:00.000000",,"system",,1,0,0,0,"Xuất dữ liệu PDF đầu ra","EXPORT_PDF_OUT_CONTRACT",,"/contract-output-management",
16,"vn","2020-09-01 00:00:00.000000",,"system",,1,0,0,0,"Xuất dữ liệu Excel đầu ra","EXPORT_EXCEL_OUT_CONTRACT",,"/contract-output-management",
17,"vn","2020-09-01 00:00:00.000000",,"system",,1,0,0,0,"Chi tiết hợp đồng đầu vào","VIEW_IN_CONTRACT",,"/contract-input-management",
18,"vn","2020-09-01 00:00:00.000000",,"system",,1,0,0,0,"Thêm mới hợp đồng đầu vào","ADD_NEW_IN_CONTRACT",,"/contract-input-management",
19,"vn","2020-09-01 00:00:00.000000",,"system",,1,0,0,0,"Chỉnh sửa hợp đồng đầu vào","EDIT_IN_CONTRACT",,"/contract-input-management",
20,"vn","2020-09-01 00:00:00.000000",,"system",,1,0,0,0,"Hủy hợp đồng đầu vào","TERMINATE_IN_CONTRACT",,"/contract-input-management",
21,"vn","2020-09-01 00:00:00.000000",,"system",,1,0,0,0,"Xuất dữ liệu PDF đầu vào","EXPORT_PDF_IN_CONTRACT",,"/contract-input-management",
22,"vn","2020-09-01 00:00:00.000000",,"system",,1,0,0,0,"Xuất dữ liệu Excel đầu vào","EXPORT_EXCEL_IN_CONTRACT",,"/contract-input-management",
23,"vn","2020-09-01 00:00:00.000000",,"system",,1,0,0,0,"Xem tất cả phụ lục","VIEW_TRANSACTION",,"/transaction-management",
24,"vn","2020-09-01 00:00:00.000000",,"system",,1,0,0,0,"Phê duyệt phụ lục","APPROVED_TRANSACTION",,"/transaction-management",
25,"vn","2020-09-01 00:00:00.000000",,"system",,1,0,0,0,"Từ chối phụ lục","CANCELLED_TRANSACTION",,"/transaction-management",
26,"vn","2020-09-01 00:00:00.000000",,"system",,1,0,0,0,"Duyệt nâng cấp thiết bị","APPROVED_UPGRADE_EQUIPMENTS_OUT_CONTRACT",,"/transaction-management",
27,"vn","2020-09-01 00:00:00.000000",,"system",,1,0,0,0,"Duyệt nâng cấp dịch vụ/gói cước","APPROVED_UPGRADE_BANDWIDTH_OUT_CONTRACT",,"/transaction-management",
28,"vn","2020-09-01 00:00:00.000000",,"system",,1,0,0,0,"Duyệt tạm ngưng dịch vụ","APPROVED_SUSPEND_SERVICE_PACKAGE_OUT_CONTRACT",,"/transaction-management",
29,"vn","2020-09-01 00:00:00.000000",,"system",,1,0,0,0,"Duyệt hủy dịch vụ","APPROVED_TERMINATE_SERVICE_PACKAGE_OUT_CONTRACT",,"/transaction-management",
30,"vn","2020-09-01 00:00:00.000000",,"system",,1,0,0,0,"Duyệt khôi phục dịch vụ","APPROVED_RESTORE_SERVICE_PACKAGE_OUT_CONTRACT",,"/transaction-management",
31,"vn","2020-09-01 00:00:00.000000",,"system",,1,0,0,0,"Duyệt thêm mới dịch vụ/gói cước","APPROVED_ADD_NEW_SERVICE_PACKAGE_OUT_CONTRACT",,"/transaction-management",
32,"vn","2020-09-01 00:00:00.000000",,"system",,1,0,0,0,"Duyệt thay đổi dịch vụ/gói cước","APPROVED_CHANGE_SERVICE_PACKAGE_OUT_CONTRACT",,"/transaction-management",
33,"vn","2020-09-01 00:00:00.000000",,"system",,1,0,0,0,"Duyệt dịch chuyển địa điểm","APPROVED_CHANGE_LOCATION_OUT_CONTRACT",,"/transaction-management",
34,"vn","2020-09-01 00:00:00.000000",,"system",,1,0,0,0,"Duyệt thay đổi thiết bị","APPROVED_CHANGE_EQUIPMENT_OUT_CONTRACT",,"/transaction-management",
35,"vn","2020-09-01 00:00:00.000000",,"system",,1,0,0,0,"Duyệt thu hồi thiết bị","APPROVED_RECLAIM_EQUIPMENT_OUT_CONTRACT",,"/transaction-management",
36,"vn","2020-09-01 00:00:00.000000",,"system",,1,0,0,0,"Duyệt hủy hợp đồng đầu ra","APPROVED_TERMINATE_OUT_CONTRACT",,"/transaction-management",
37,"vn","2020-09-01 00:00:00.000000",,"system",,1,0,0,0,"Thêm mới phiếu đề nghị thanh toán","ADD_NEW_PAYMENT_VOUCHER",,"/debt-management/payment-voucher",
38,"vn","2020-09-01 00:00:00.000000",,"system",,1,0,0,0,"Chỉnh sửa phiếu đề nghị thanh toán","EDIT_PAYMENT_VOUCHER",,"/debt-management/payment-voucher",
39,"vn","2020-09-01 00:00:00.000000",,"system",,1,0,0,0,"Hủy phiếu đề nghị thanh toán","CANCEL_PAYMENT_VOUCHER",,"/debt-management/payment-voucher",
40,"vn","2020-09-01 00:00:00.000000",,"system",,1,0,0,0,"In phiếu đề nghị thanh toán","PRINT_PAYMENT_VOUCHER",,"/debt-management/payment-voucher",
41,"vn","2020-09-01 00:00:00.000000",,"system",,1,0,0,0,"Xuất pdf phiếu đề nghị thanh toán","EXPORT_PDF_PAYMENT_VOUCHER",,"/debt-management/payment-voucher",
42,"vn","2020-09-01 00:00:00.000000",,"system",,1,0,0,0,"Xuất excel phiếu đề nghị thanh toán","EXPORT_EXCEL_PAYMENT_VOUCHER",,"/debt-management/payment-voucher",
43,"vn","2020-09-01 00:00:00.000000",,"system",,1,0,0,0,"Hiển thị danh sách phiếu đề nghị thanh toán","VIEWLIST_PAYMENT_VOUCHER",,"/debt-management/payment-voucher",
44,"vn","2020-09-01 00:00:00.000000",,"system",,1,0,0,0,"Import data phiếu đề nghị thanh toán","IMPORT_PAYMENT_VOUCHER",,"/debt-management/payment-voucher",
45,"vn","2020-09-01 00:00:00.000000",,"system",,1,0,0,0,"Chỉnh sửa công nợ","EDIT_DEBT",,"/debt-management/receipt-voucher",
46,"vn","2020-09-01 00:00:00.000000",,"system",,1,0,0,0,"In phiếu thu","PRINT_RECEIPT_VOUCHER",,"/debt-management/receipt-voucher",
47,"vn","2020-09-01 00:00:00.000000",,"system",,1,0,0,0,"Hủy phiếu thu","CANCEL_RECEIPT_VOUCHER",,"/debt-management/receipt-voucher",
48,"vn","2020-09-01 00:00:00.000000",,"system",,1,0,0,0,"Giảm trừ cước","FEE_REDUCTION",,"/debt-management/receipt-voucher",
49,"vn","2020-09-01 00:00:00.000000",,"system",,1,0,0,0,"Xuất pdf phiếu thu","EXPORT_PDF_RECEIPT_VOUCHER",,"/debt-management/receipt-voucher",
50,"vn","2020-09-01 00:00:00.000000",,"system",,1,0,0,0,"Xuất excel phiếu thu","EXPORT_EXCEL_RECEIPT_VOUCHER",,"/debt-management/receipt-voucher",
51,"vn","2020-09-01 00:00:00.000000",,"system",,1,0,0,0,"Hiển thị danh sách phiếu thu","VIEWLIST_RECEIPT_VOUCHER",,"/debt-management/receipt-voucher",
52,"vn","2020-09-01 00:00:00.000000",,"system",,1,0,0,0,"Thêm mới phiếu thu","ADD_NEW_RECEIPT_VOUCHER",,"/debt-management/receipt-voucher",
53,"vn","2020-09-01 00:00:00.000000",,"system",,1,0,0,0,"Thêm mới phiếu thu khác","ADD_NEW_OTHER_RECEIPT_VOUCHER",,"/debt-management/receipt-voucher",
54,"vn","2020-09-01 00:00:00.000000",,"system",,1,0,0,0,"Chi tiết hợp đồng đầu ra","VIEW_DETAIL_OUT_CONTRACT",,"/debt-management/receipt-voucher",
55,"vn","2020-09-01 00:00:00.000000",,"system",,1,0,0,0,"Nhập excel phiếu chi","IMPORT_RECEIPT_VOUCHER",,"/debt-management/receipt-voucher",
56,"vn","2020-09-01 00:00:00.000000",,"system",,1,0,0,0,"Thêm mới phiếu phụ lục bù trừ","ADD_NEW_CLEARING_DEBT",,"/debt-management/clearing-debt",
57,"vn","2020-09-01 00:00:00.000000",,"system",,1,0,0,0,"Chỉnh sửa phiếu phụ lục bù trừ","EDIT_CLEARING_DEBT",,"/debt-management/clearing-debt",
58,"vn","2020-09-01 00:00:00.000000",,"system",,1,0,0,0,"Duyệt phiếu bù trừ","APPROVE_CLEARING_DEBT",,"/debt-management/clearing-debt",
59,"vn","2020-09-01 00:00:00.000000",,"system",,1,0,0,0,"Hủy phiếu bù trừ","CANCEL_CLEARING_DEBT",,"/debt-management/clearing-debt",
60,"vn","2020-09-01 00:00:00.000000",,"system",,1,0,0,0,"Hiển thị danh sách phiếu bù trừ công nợ","VIEWLIST_CLEARING_DEBT",,"/debt-management/clearing-debt",
61,"vn","2020-09-01 00:00:00.000000",,"system",,1,0,0,0,"Import data phiếu phụ lục bù trừ","IMPORT_CLEARING_DEBT",,"/debt-management/clearing-debt",
62,"vn","2020-09-01 00:00:00.000000",,"system",,1,0,0,0,"Thêm mới nhóm dịch vụ","ADD_NEW_GROUP_SERVICE",,"/service-groups-management",
63,"vn","2020-09-01 00:00:00.000000",,"system",,1,0,0,0,"Xóa nhóm dịch vụ","DELETE_GROUP_SERVICE",,"/service-groups-management",
64,"vn","2020-09-01 00:00:00.000000",,"system",,1,0,0,0,"Xuất excel nhóm dịch vụ","EXPORT_EXECEL_GROUP_SERVICE",,"/service-groups-management",
65,"vn","2020-09-01 00:00:00.000000",,"system",,1,0,0,0,"Xuất pdf nhóm dịch vụ","EXPORT_PDF_GROUP_SERVICE",,"/service-groups-management",
66,"vn","2020-09-01 00:00:00.000000",,"system",,1,0,0,0,"Chỉnh sửa nhóm dịch vụ","EDIT_GROUP_SERVICE",,"/service-groups-management",
67,"vn","2020-09-01 00:00:00.000000",,"system",,1,0,0,0,"Hiển thị danh sách nhóm dịch vụ","VIEWLIST_GROUP_SERVICE",,"/service-groups-management",
68,"vn","2020-09-01 00:00:00.000000",,"system",,1,0,0,0,"Thêm mới dịch vụ","ADD_NEW_SERVICE",,"/services-management",
69,"vn","2020-09-01 00:00:00.000000",,"system",,1,0,0,0,"Xóa dịch vụ","DELETE_SERVICE",,"/services-management",
70,"vn","2020-09-01 00:00:00.000000",,"system",,1,0,0,0,"Xuất excel dịch vụ","EXPORT_EXECEL_SERVICE",,"/services-management",
71,"vn","2020-09-01 00:00:00.000000",,"system",,1,0,0,0,"Xuất pdf dịch vụ","EXPORT_PDF_SERVICE",,"/services-management",
72,"vn","2020-09-01 00:00:00.000000",,"system",,1,0,0,0,"Chỉnh sửa dịch vụ","EDIT_SERVICE",,"/services-management",
73,"vn","2020-09-01 00:00:00.000000",,"system",,1,0,0,0,"Hiển thị danh sách dịch vụ","VIEWLIST_SERVICE",,"/services-management",
74,"vn","2020-09-01 00:00:00.000000",,"system",,1,0,0,0,"Thêm mới gói cước","ADD_NEW_SERVICE_PACKAGE",,"/service-packages-management",
75,"vn","2020-09-01 00:00:00.000000",,"system",,1,0,0,0,"Xóa gói cước","DELETE_SERVICE_PACKAGE",,"/service-packages-management",
76,"vn","2020-09-01 00:00:00.000000",,"system",,1,0,0,0,"Xuất excel gói cước","EXPORT_EXECEL_SERVICE_PACKAGE",,"/service-packages-management",
77,"vn","2020-09-01 00:00:00.000000",,"system",,1,0,0,0,"Xuất pdf gói cước","EXPORT_PDF_SERVICE_PACKAGE",,"/service-packages-management",
78,"vn","2020-09-01 00:00:00.000000",,"system",,1,0,0,0,"Chỉnh sửa gói cước","EDIT_SERVICE_PACKAGE",,"/service-packages-management",
79,"vn","2020-09-01 00:00:00.000000",,"system",,1,0,0,0,"Hiển thị danh sách gói cước","VIEWLIST_SERVICE_PACKAGE",,"/service-packages-management",
80,"vn","2020-09-01 00:00:00.000000",,"system",,1,0,0,0,"Thêm mới thiết bị vật tư","ADD_NEW_EQUIPMENT_TYPE",,"/equipment",
81,"vn","2020-09-01 00:00:00.000000",,"system",,1,0,0,0,"Xóa thiết bị vật tư","DELETE_EQUIPMENT_TYPE",,"/equipment",
82,"vn","2020-09-01 00:00:00.000000",,"system",,1,0,0,0,"Xuất excel thiết bị vật tư","EXPORT_EXECEL_EQUIPMENT_TYPE",,"/equipment",
83,"vn","2020-09-01 00:00:00.000000",,"system",,1,0,0,0,"Xuất pdf thiết bị vật tư","EXPORT_PDF_EQUIPMENT_TYPE",,"/equipment",
84,"vn","2020-09-01 00:00:00.000000",,"system",,1,0,0,0,"Chỉnh sửa thông tin thiết bị vật tư","EDIT_EQUIPMENT_TYPE",,"/equipment",
85,"vn","2020-09-01 00:00:00.000000",,"system",,1,0,0,0,"Hiển thị danh sách thiết bị vật tư","VIEWLIST_EQUIPMENT_TYPE",,"/equipment",
86,"vn","2020-09-01 00:00:00.000000",,"system",,1,0,0,0,"Thêm mới kênh truyền đầu vào","ADD_NEW_SERVICE_CHANNEL_INPUT",,"/service-channel-input",
87,"vn","2020-09-01 00:00:00.000000",,"system",,1,0,0,0,"Xóa kênh truyền đầu vào","DELETE_SERVICE_CHANNEL_INPUT",,"/service-channel-input",
88,"vn","2020-09-01 00:00:00.000000",,"system",,1,0,0,0,"Xuất excel kênh truyền đầu vào","EXPORT_EXECEL_SERVICE_CHANNEL_INPUT",,"/service-channel-input",
89,"vn","2020-09-01 00:00:00.000000",,"system",,1,0,0,0,"Xuất pdf kênh truyền đầu vào","EXPORT_PDF_SERVICE_CHANNEL_INPUT",,"/service-channel-input",
90,"vn","2020-09-01 00:00:00.000000",,"system",,1,0,0,0,"Chỉnh sửa thông tin kênh truyền đầu vào","EDIT_SERVICE_CHANNEL_INPUT",,"/service-channel-input",
91,"vn","2020-09-01 00:00:00.000000",,"system",,1,0,0,0,"Hiển thị danh sách kênh truyền đầu vào","VIEWLIST_SERVICE_CHANNEL_INPUT",,"/service-channel-input",
92,"vn","2020-09-01 00:00:00.000000",,"system",,1,0,0,0,"Thêm mới kênh truyền đầu ra","ADD_NEW_SERVICE_CHANNEL_OUTPUT",,"/service-channel-output",
93,"vn","2020-09-01 00:00:00.000000",,"system",,1,0,0,0,"Xóa kênh truyền đầu ra","DELETE_SERVICE_CHANNEL_OUTPUT",,"/service-channel-output",
94,"vn","2020-09-01 00:00:00.000000",,"system",,1,0,0,0,"Xuất excel kênh truyền đầu ra","EXPORT_EXECEL_SERVICE_CHANNEL_OUTPUT",,"/service-channel-output",
95,"vn","2020-09-01 00:00:00.000000",,"system",,1,0,0,0,"Xuất pdf kênh truyền đầu ra","EXPORT_PDF_SERVICE_CHANNEL_OUTPUT",,"/service-channel-output",
96,"vn","2020-09-01 00:00:00.000000",,"system",,1,0,0,0,"Chỉnh sửa thông tin kênh truyền đầu ra","EDIT_SERVICE_CHANNEL_OUTPUT",,"/service-channel-output",
97,"vn","2020-09-01 00:00:00.000000",,"system",,1,0,0,0,"Hiển thị danh sách kênh truyền đầu ra","VIEWLIST_SERVICE_CHANNEL_OUTPUT",,"/service-channel-output",
98,"vn","2020-09-01 00:00:00.000000",,"system",,1,0,0,0,"Thêm mới khách hàng","ADD_NEW_CUSTOMER",,"/customer-management",
99,"vn","2020-09-01 00:00:00.000000",,"system",,1,0,0,0,"Xuất excel danh sách khách hàng","EXPORT_EXECEL_CUSTOMER",,"/customer-management",
100,"vn","2020-09-01 00:00:00.000000",,"system",,1,0,0,0,"Xuất pdf danh sách khách hàng","EXPORT_PDF_CUSTOMER",,"/customer-management",
101,"vn","2020-09-01 00:00:00.000000",,"system",,1,0,0,0,"Xóa tài khoản khách hàng","DELETE_CUSTOMER",,"/customer-management",
102,"vn","2020-09-01 00:00:00.000000",,"system",,1,0,0,0,"Chỉnh sửa tài khoản khách hàng","EDIT_CUSTOMER",,"/customer-management",
103,"vn","2020-09-01 00:00:00.000000",,"system",,1,0,0,0,"Hiển thị danh sách tài khoản khách hàng","VIEWLIST_CUSTOMER",,"/customer-management",
104,"vn","2020-09-01 00:00:00.000000",,"system",,1,0,0,0,"Thêm mới hạng khách hàng","ADD_NEW_CUSTOMER_CLASSES",,"/customer-classes",
105,"vn","2020-09-01 00:00:00.000000",,"system",,1,0,0,0,"Xuất excel danh sách hạng khách hàng","EXPORT_EXECEL_CUSTOMER_CLASSES",,"/customer-classes",
106,"vn","2020-09-01 00:00:00.000000",,"system",,1,0,0,0,"Xuất pdf danh sách hạng khách hàng","EXPORT_PDF_CUSTOMER_CLASSES",,"/customer-classes",
107,"vn","2020-09-01 00:00:00.000000",,"system",,1,0,0,0,"Xóa hạng khách hàng","DELETE_CUSTOMER_CLASSES",,"/customer-classes",
108,"vn","2020-09-01 00:00:00.000000",,"system",,1,0,0,0,"Chỉnh sửa thông tin hạng khách hàng","EDIT_CUSTOMER_CLASSES",,"/customer-classes",
109,"vn","2020-09-01 00:00:00.000000",,"system",,1,0,0,0,"Hiển thị danh sách hạng khách hàng","VIEWLIST_CUSTOMER_CLASSES",,"/customer-classes",
110,"vn","2020-09-01 00:00:00.000000",,"system",,1,0,0,0,"Thêm mới nhóm khách hàng","ADD_NEW_CUSTOMER_GROUP",,"/customer-group",
111,"vn","2020-09-01 00:00:00.000000",,"system",,1,0,0,0,"Xuất excel danh sách nhóm khách hàng","EXPORT_EXECEL_CUSTOMER_GROUP",,"/customer-group",
112,"vn","2020-09-01 00:00:00.000000",,"system",,1,0,0,0,"Xuất pdf danh sách nhóm khách hàng","EXPORT_PDF_CUSTOMER_GROUP",,"/customer-group",
113,"vn","2020-09-01 00:00:00.000000",,"system",,1,0,0,0,"Xóa nhóm khách hàng","DELETE_CUSTOMER_GROUP",,"/customer-group",
114,"vn","2020-09-01 00:00:00.000000",,"system",,1,0,0,0,"Chỉnh sửa thông tin nhóm khách hàng","EDIT_CUSTOMER_GROUP",,"/customer-group",
115,"vn","2020-09-01 00:00:00.000000",,"system",,1,0,0,0,"Hiển thị danh sách nhóm khách hàng","VIEWLIST_CUSTOMER_GROUP",,"/customer-group",
116,"vn","2020-09-01 00:00:00.000000",,"system",,1,0,0,0,"Mở các tài khoản thuộc nhóm","OPEN_CUSTOMER_IN_GROUP",,"/customer-group",
117,"vn","2020-09-01 00:00:00.000000",,"system",,1,0,0,0,"Thêm mới cơ cấu khách hàng","ADD_NEW_CUSTOMER_STRUCTURE",,"/customer-structure",
118,"vn","2020-09-01 00:00:00.000000",,"system",,1,0,0,0,"Xuất excel danh sách cơ cấu khách hàng","EXPORT_EXECEL_CUSTOMER_STRUCTURE",,"/customer-structure",
119,"vn","2020-09-01 00:00:00.000000",,"system",,1,0,0,0,"Xuất pdf danh sách cơ cấu khách hàng","EXPORT_PDF_CUSTOMER_STRUCTURE",,"/customer-structure",
120,"vn","2020-09-01 00:00:00.000000",,"system",,1,0,0,0,"Xóa cơ cấu khách hàng","DELETE_CUSTOMER_STRUCTURE",,"/customer-structure",
121,"vn","2020-09-01 00:00:00.000000",,"system",,1,0,0,0,"Chỉnh sửa cơ cấu khách hàng","EDIT_CUSTOMER_STRUCTURE",,"/customer-structure",
122,"vn","2020-09-01 00:00:00.000000",,"system",,1,0,0,0,"Hiển thị danh sách cơ cấu khách hàng","VIEWLIST_CUSTOMER_STRUCTURE",,"/customer-structure",
123,"vn","2020-09-01 00:00:00.000000",,"system",,1,0,0,0,"Thêm mới kiểu khách hàng","ADD_NEW_CUSTOMER_TYPE",,"/customer-type",
124,"vn","2020-09-01 00:00:00.000000",,"system",,1,0,0,0,"Xóa kiểu khách hàng","DELETE_CUSTOMER_TYPE",,"/customer-type",
125,"vn","2020-09-01 00:00:00.000000",,"system",,1,0,0,0,"Chỉnh sửa kiểu khách hàng","EDIT_CUSTOMER_TYPE",,"/customer-type",
126,"vn","2020-09-01 00:00:00.000000",,"system",,1,0,0,0,"Hiển thị danh sách kiểu khách hàng","VIEWLIST_CUSTOMER_TYPE",,"/customer-type",
127,"vn","2020-09-01 00:00:00.000000",,"system",,1,0,0,0,"Thêm mới danh mục khách hàng","ADD_NEW_CUSTOMER_CATEGORY",,"/customer-category",
128,"vn","2020-09-01 00:00:00.000000",,"system",,1,0,0,0,"Xóa danh mục khách hàng","DELETE_CUSTOMER_CATEGORY",,"/customer-category",
129,"vn","2020-09-01 00:00:00.000000",,"system",,1,0,0,0,"Chỉnh sửa danh mục khách hàng","EDIT_CUSTOMER_CATEGORY",,"/customer-category",
130,"vn","2020-09-01 00:00:00.000000",,"system",,1,0,0,0,"Hiển thị danh sách danh mục khách hàng","VIEWLIST_CUSTOMER_CATEGORY",,"/customer-category",
131,"vn","2020-09-01 00:00:00.000000",,"system",,1,0,0,0,"Xuất excel danh sách phụ lục","EXPORT_EXECEL_TRANSACTION",,"/transaction-management",
132,"vn","2020-09-01 00:00:00.000000",,"system",,1,0,0,0,"Xuất pdf danh sách phụ lục","EXPORT_PDF_TRANSACTION",,"/transaction-management",
133,"vn","2020-09-01 00:00:00.000000",,"system",,1,0,0,0,"Nhập dữ liệu phiếu thu","IMPORT_EXCEL_RECEIPT",,"/debt-management/receipt-voucher",
134,"vn","2020-09-01 00:00:00.000000",,"system",,1,0,0,0,"Hiển thị danh sách tài khoản đại lý và đối tác","VIEWLIST_PARTNER",,"/partner-management",
135,"vn","2020-09-01 00:00:00.000000",,"system",,1,0,0,0,"Thêm mới tài khoản đại lý đối tác","ADD_NEW_PARTNER",,"/partner-management",
136,"vn","2020-09-01 00:00:00.000000",,"system",,1,0,0,0,"Xóa tài khoản đại lý đối tác","DELETE_PARTNER",,"/partner-management",
137,"vn","2020-09-01 00:00:00.000000",,"system",,1,0,0,0,"Xuất excel danh  sách tài khoản đại lý đối tác","EXPORT_EXECEL_PARTNER",,"/partner-management",
138,"vn","2020-09-01 00:00:00.000000",,"system",,1,0,0,0,"Xuất pdf danh sách tài khoản đại lý đối tác","EXPORT_PDF_PARTNER",,"/partner-management",
139,"vn","2020-09-01 00:00:00.000000",,"system",,1,0,0,0,"Chỉnh sửa tài khoản đại lý đối tác","EDIT_PARTNER",,"/partner-management",
140,"vn","2020-09-01 00:00:00.000000",,"system",,1,0,0,0,"Hiển thị danh sách khuyến mãi","VIEWLIST_PROMOTION",,"/promotion",
141,"vn","2020-09-01 00:00:00.000000",,"system",,1,0,0,0,"Thêm mới khuyến mãi","ADD_NEW_PROMOTION",,"/promotion",
142,"vn","2020-09-01 00:00:00.000000",,"system",,1,0,0,0,"Xóa khuyến mãi","DELETE_PROMOTION",,"/promotion",
143,"vn","2020-09-01 00:00:00.000000",,"system",,1,0,0,0,"Chỉnh sửa khuyến mãi","EDIT_PROMOTION",,"/promotion",
144,"vn","2020-09-01 00:00:00.000000",,"system",,1,0,0,0,"Hiển thị danh sách vùng thị trường","VIEWLIST_MARKET_AREA",,"/market-area",
145,"vn","2020-09-01 00:00:00.000000",,"system",,1,0,0,0,"Thêm mới vùng thị trường","ADD_NEW_MARKET_AREA",,"/market-area",
146,"vn","2020-09-01 00:00:00.000000",,"system",,1,0,0,0,"Xóa vùng thị trường","DELETE_MARKET_AREA",,"/market-area",
147,"vn","2020-09-01 00:00:00.000000",,"system",,1,0,0,0,"Xuất excel danh  sách vùng thị trường","EXPORT_EXCEL_MARKET_AREA",,"/market-area",
148,"vn","2020-09-01 00:00:00.000000",,"system",,1,0,0,0,"Xuất pdf danh sách vùng thị trường","EXPORT_PDF_MARKET_AREA",,"/market-area",
149,"vn","2020-09-01 00:00:00.000000",,"system",,1,0,0,0,"Chỉnh sửa vùng thị trường","EDIT_MARKET_AREA",,"/market-area",
150,"vn","2020-09-01 00:00:00.000000",,"system",,1,0,0,0,"Hiển thị danh sách dự án","VIEWLIST_PROJECT",,"/project-management",
151,"vn","2020-09-01 00:00:00.000000",,"system",,1,0,0,0,"Thêm mới dự án","ADD_NEW_PROJECT",,"/project-management",
152,"vn","2020-09-01 00:00:00.000000",,"system",,1,0,0,0,"Xóa dự án","DELETE_PROJECT",,"/project-management",
153,"vn","2020-09-01 00:00:00.000000",,"system",,1,0,0,0,"Xuất excel danh  sách dự án","EXPORT_EXCEL_PROJECT",,"/project-management",
154,"vn","2020-09-01 00:00:00.000000",,"system",,1,0,0,0,"Xuất pdf danh sách dự án","EXPORT_PDF_PROJECT",,"/project-management",
155,"vn","2020-09-01 00:00:00.000000",,"system",,1,0,0,0,"Chỉnh sửa dự án","EDIT_PROJECT",,"/project-management",
156,"vn","2020-09-01 00:00:00.000000",,"system",,1,0,0,0,"Hiển thị danh sách danh mục thuế","VIEWLIST_TAX_CATEGORIES",,"/tax-catagories",
157,"vn","2020-09-01 00:00:00.000000",,"system",,1,0,0,0,"Thêm mới danh mục thuế","ADD_NEW_TAX_CATEGORIES",,"/tax-catagories",
158,"vn","2020-09-01 00:00:00.000000",,"system",,1,0,0,0,"Xóa danh mục thuế","DELETE_TAX_CATEGORIES",,"/tax-catagories",
159,"vn","2020-09-01 00:00:00.000000",,"system",,1,0,0,0,"Xuất excel danh  sách danh mục thuế","EXPORT_EXCEL_TAX_CATEGORIES",,"/tax-catagories",
160,"vn","2020-09-01 00:00:00.000000",,"system",,1,0,0,0,"Xuất pdf danh sách danh mục thuế","EXPORT_PDF_TAX_CATEGORIES",,"/tax-catagories",
161,"vn","2020-09-01 00:00:00.000000",,"system",,1,0,0,0,"Chỉnh sửa danh mục thuế","EDIT_TAX_CATEGORIES",,"/tax-catagories",
162,"vn","2020-09-01 00:00:00.000000",,"system",,1,0,0,0,"Hiển thị danh sách đơn vị đo","VIEWLIST_UNIT_OF_MEASUREMENT",,"/unit-of-measurement",
163,"vn","2020-09-01 00:00:00.000000",,"system",,1,0,0,0,"Thêm mới đơn vị đo","ADD_NEW_UNIT_OF_MEASUREMENT",,"/unit-of-measurement",
164,"vn","2020-09-01 00:00:00.000000",,"system",,1,0,0,0,"Xóa đơn vị đo","DELETE_UNIT_OF_MEASUREMENT",,"/unit-of-measurement",
165,"vn","2020-09-01 00:00:00.000000",,"system",,1,0,0,0,"Xuất excel danh  sách đơn vị đo","EXPORT_EXCEL_UNIT_OF_MEASUREMENT",,"/unit-of-measurement",
166,"vn","2020-09-01 00:00:00.000000",,"system",,1,0,0,0,"Xuất pdf danh sách đơn vị đo","EXPORT_PDF_UNIT_OF_MEASUREMENT",,"/unit-of-measurement",
167,"vn","2020-09-01 00:00:00.000000",,"system",,1,0,0,0,"Chỉnh sửa đơn vị đo","EDIT_UNIT_OF_MEASUREMENT",,"/unit-of-measurement",
168,"vn","2020-09-01 00:00:00.000000",,"system",,1,0,0,0,"Hiển thị danh sách danh mục bài viết","VIEWLIST_ARTICLE_CATEGORY",,"/article-category",
169,"vn","2020-09-01 00:00:00.000000",,"system",,1,0,0,0,"Thêm mới danh mục bài viết","ADD_NEW_ARTICLE_CATEGORY",,"/article-category",
170,"vn","2020-09-01 00:00:00.000000",,"system",,1,0,0,0,"Xóa danh mục bài viết","DELETE_ARTICLE_CATEGORY",,"/article-category",
171,"vn","2020-09-01 00:00:00.000000",,"system",,1,0,0,0,"Xuất excel danh  sách danh mục bài viết","EXPORT_EXCEL_ARTICLE_CATEGORY",,"/article-category",
172,"vn","2020-09-01 00:00:00.000000",,"system",,1,0,0,0,"Xuất pdf danh sách danh mục bài viết","EXPORT_PDF_ARTICLE_CATEGORY",,"/article-category",
173,"vn","2020-09-01 00:00:00.000000",,"system",,1,0,0,0,"Chỉnh sửa danh mục bài viết","EDIT_ARTICLE_CATEGORY",,"/article-category",
174,"vn","2020-09-01 00:00:00.000000",,"system",,1,0,0,0,"Hiển thị danh sách bài viết","VIEWLIST_ARTICLE",,"/article",
175,"vn","2020-09-01 00:00:00.000000",,"system",,1,0,0,0,"Thêm mới bài viết","ADD_NEW_ARTICLE",,"/article",
176,"vn","2020-09-01 00:00:00.000000",,"system",,1,0,0,0,"Xóa danh mục bài viết","DELETE_ARTICLE",,"/article",
177,"vn","2020-09-01 00:00:00.000000",,"system",,1,0,0,0,"Xuất excel danh  sách bài viết","EXPORT_EXCEL_ARTICLE",,"/article",
178,"vn","2020-09-01 00:00:00.000000",,"system",,1,0,0,0,"Xuất pdf danh sách bài viết","EXPORT_PDF_ARTICLE",,"/article",
179,"vn","2020-09-01 00:00:00.000000",,"system",,1,0,0,0,"Chỉnh sửa bài viết","EDIT_ARTICLE",,"/article",
180,"vn","2020-09-01 00:00:00.000000",,"system",,1,0,0,0,"Hiển thị danh sách quyền","VIEWLIST_PERMISSION",,"/permission",
181,"vn","2020-09-01 00:00:00.000000",,"system",,1,0,0,0,"Thêm mới quyền","ADD_NEW_PERMISSION",,"/permission",
182,"vn","2020-09-01 00:00:00.000000",,"system",,1,0,0,0,"Xóa quyền","DELETE_PERMISSION",,"/permission",
183,"vn","2020-09-01 00:00:00.000000",,"system",,1,0,0,0,"Xuất excel danh sách quyền","EXPORT_EXCEL_PERMISSION",,"/permission",
184,"vn","2020-09-01 00:00:00.000000",,"system",,1,0,0,0,"Xuất pdf danh sách quyền","EXPORT_PDF_PERMISSION",,"/permission",
185,"vn","2020-09-01 00:00:00.000000",,"system",,1,0,0,0,"Chỉnh sửa quyền","EDIT_PERMISSION",,"/permission",
186,"vn","2020-09-01 00:00:00.000000",,"system",,1,0,0,0,"Hiển thị danh sách vai trò người dùng","VIEWLIST_ROLE",,"/role",
187,"vn","2020-09-01 00:00:00.000000",,"system",,1,0,0,0,"Thêm mới vai trò người dùng","ADD_NEW_ROLE",,"/role",
188,"vn","2020-09-01 00:00:00.000000",,"system",,1,0,0,0,"Xóa vai trò người dùng","DELETE_ROLE",,"/role",
189,"vn","2020-09-01 00:00:00.000000",,"system",,1,0,0,0,"Xuất excel vai trò người dùng","EXPORT_EXCEL_ROLE",,"/role",
190,"vn","2020-09-01 00:00:00.000000",,"system",,1,0,0,0,"Xuất pdf vai trò người dùng","EXPORT_PDF_ROLE",,"/role",
191,"vn","2020-09-01 00:00:00.000000",,"system",,1,0,0,0,"Chỉnh sửa vai trò người dùng","EDIT_ROLE",,"/role",
192,"vn","2020-09-01 00:00:00.000000",,"system",,1,0,0,0,"Gắn/bỏ quyền quản trị","ASSIGNMENT_REVOKE_ROLE",,"/role",
193,"vn","2020-09-01 00:00:00.000000",,"system",,1,0,0,0,"Danh sách người dùng trong vai trò ","ACCOUNT_USERS_IN_ROLE",,"/role",
194,"vn","2020-09-01 00:00:00.000000",,"system",,1,0,0,0,"Hiển thị đơn vị hành chính","VIEW_LOCATION",,"/location",
195,"vn","2020-09-01 00:00:00.000000",,"system",,1,0,0,0,"Thêm mới đơn vị hành chính","ADD_LOCATION",,"/location",
196,"vn","2020-09-01 00:00:00.000000",,"system",,1,0,0,0,"Xóa đơn vị hành chính","DELETE_LOCATION",,"/location",
197,"vn","2020-09-01 00:00:00.000000",,"system",,1,0,0,0,"Xuất dữ liệu EXCEL đơn vị hành chính","EXPORT_EXCEL_LOCATION",,"/location",
198,"vn","2020-09-01 00:00:00.000000",,"system",,1,0,0,0,"Xuất dữ liệu PDF đơn vị hành chính","EXPORT_PDF_LOCATION",,"/location",
199,"vn","2020-09-01 00:00:00.000000",,"system",,1,0,0,0,"Chỉnh sửa đơn vị hành chính","EDIT_LOCATION",,"/location",
200,"vn","2020-09-01 00:00:00.000000",,"system",,1,0,0,0,"Hiển thị đơn vị tổ chức","VIEW_ORGANIZATION_UNIT",,"/organization-unit",
201,"vn","2020-09-01 00:00:00.000000",,"system",,1,0,0,0,"Thêm mới đơn vị tổ chức","ADD_ORGANIZATION_UNIT",,"/organization-unit",
202,"vn","2020-09-01 00:00:00.000000",,"system",,1,0,0,0,"Xóa đơn vị tổ chức","DELETE_ORGANIZATION_UNIT",,"/organization-unit",
203,"vn","2020-09-01 00:00:00.000000",,"system",,1,0,0,0,"Xuất dữ liệu EXCEL đơn vị tổ chức","EXPORT_EXCEL_ORGANIZATION_UNIT",,"/organization-unit",
204,"vn","2020-09-01 00:00:00.000000",,"system",,1,0,0,0,"Xuất dữ liệu PDF đơn vị tổ chức","EXPORT_PDF_ORGANIZATION_UNIT",,"/organization-unit",
205,"vn","2020-09-01 00:00:00.000000",,"system",,1,0,0,0,"Chỉnh sửa đơn vị tổ chức","EDIT_ORGANIZATION_UNIT",,"/organization-unit",
206,"vn","2020-09-01 00:00:00.000000",,"system",,1,0,0,0,"Hiển thị tài khoản người dùng","VIEW_USER",,"/user",
207,"vn","2020-09-01 00:00:00.000000",,"system",,1,0,0,0,"Thêm mới tài khoản người dùng","ADD_USER",,"/user",
208,"vn","2020-09-01 00:00:00.000000",,"system",,1,0,0,0,"Xóa tài khoản người dùng","DELETE_USER",,"/user",
209,"vn","2020-09-01 00:00:00.000000",,"system",,1,0,0,0,"Xuất dữ liệu EXCEL tài khoản người dùng","EXPORT_EXCEL_USER",,"/user",
210,"vn","2020-09-01 00:00:00.000000",,"system",,1,0,0,0,"Xuất dữ liệu PDF tài khoản người dùng","EXPORT_PDF_USER",,"/user",
211,"vn","2020-09-01 00:00:00.000000",,"system",,1,0,0,0,"Chỉnh sửa tài khoản người dùng","EDIT_USER",,"/user",
212,"vn","2020-09-01 00:00:00.000000",,"system",,1,0,0,0,"Hiển thị Dashboard","VIEW_DASHBOARD",,"/dashboard",
213,"vn","2020-09-01 00:00:00.000000",,"system",,1,0,0,0,"Hiển thị màn hình thay đổi tham số cấu hình hệ thống","VIEW_CONFIGURATION_SYSTEM",,"/user-profile/configuration-system",
214,"vn","2020-09-01 00:00:00.000000",,"system",,1,0,0,0,"Thêm mới feeback","ADD_NEW_FEEDBACK",,"/feedback",
215,"vn","2020-09-01 00:00:00.000000",,"system",,1,0,0,0,"Xóa feedback","DELETE_FEEDBACK",,"/feedback",
216,"vn","2020-09-01 00:00:00.000000",,"system",,1,0,0,0,"Sửa feedback","EDIT_FEEDBACK",,"/feedback",
217,"vn","2020-09-01 00:00:00.000000",,"system",,1,0,0,0,"Xuất ra file excel","EXPORT_EXCEL_FEEDBACK",,"/feedback",
218,"vn","2020-09-01 00:00:00.000000",,"system",,1,0,0,0,"Xuất ra file PDF","EXPORT_PDF_FEEDBACK",,"/feedback",
219,"vn","2020-09-01 00:00:00.000000",,"system",,1,0,0,0,"Phiếu thu tính cước","ADD_NEW_BILLING_RECEIPT_VOUCHER",,"/debt-management/receipt-voucher",
220,"vn","2020-09-01 00:00:00.000000",,"system",,1,0,0,0,"Cập nhật ngày nghiệm thu, thiết bị, ghi chú","EDIT_OUT_CONTRACT_SIGNED",,"/contract-output-management",
221,"vn","2020-09-01 00:00:00.000000",,"system",,1,0,0,0,"In hợp đồng đầu ra","PRINT_OUT_CONTRACT",,"/contract-output-management",
222,"vn","2020-09-01 00:00:00.000000",,"system",,1,0,0,0,"Hiển thị bù trừ công nợ","VIEW_CLEARING_TO_CUSTOMER",,"/debt-management/clearing-to-customer",
223,"vn","2020-09-01 00:00:00.000000",,"system",,1,0,0,0,"Hiển thị biên bản bù trừ","VIEW_CLEARING_DEBT",,"/debt-management/clearing-debt",
224,"vn","2020-09-01 00:00:00.000000",,"system",,1,0,0,0,"Hiển thị nợ xấu","VIEW_CLEARING_DEBT",,"/debt-management/bad-debt",
225,"vn","2020-09-01 00:00:00.000000",,"system",,1,0,0,0,"Duyệt triển khai hợp đồng mới","APPROVED_DEPLOY_NEW_OUT_CONTRACT",,"/transaction-management",
226,"vn","2020-09-01 00:00:00.000000",,"system",,1,0,0,0,"Xem tất cả phiếu thu","VIEW_ALL_RECEIPT_VOUCHER",,"/debt-management/receipt-voucher",
227,"vn","2020-09-01 00:00:00.000000",,"system",,1,0,0,0,"Xác nhận nợ xấu","BAD_DEBT_CONFIRMATION",,"/debt-management/receipt-voucher",
228,"vn","2020-09-01 00:00:00.000000",,"system",,1,0,0,0,"Xem báo cáo tổng hợp khách hàng","VIEW_REPORT_CUSTOMER",,"/report/contractor-total",
229,"vn","2020-09-01 00:00:00.000000",,"system",,1,0,0,0,"Xem báo cáo Master khách hàng","VIEW_REPORT_MASTER_CUSTOMER",,"/report/master-customer-nationwide-business",
230,"vn","2020-09-01 00:00:00.000000",,"system",,1,0,0,0,"Xem báo cáo Tổng số thiết bị","VIEW_REPORT_EQUIPMENT",,"/report/equipment-total",
231,"vn","2020-09-01 00:00:00.000000",,"system",,1,0,0,0,"Xem báo cáo dịch vụ công nợ","VIEW_REPORT_DEBT",,"/report/service-debt",
232,"vn","2020-09-01 00:00:00.000000",,"system",,1,0,0,0,"Xem báo cáo Hợp đồng dầu vào và chi phí, phân chia hoa hồng","VIEW_REPORT_INCONTRACT_FEE_REVENUE",,"/report/report-incontract-fee-and-sharing",
233,"vn","2020-09-01 00:00:00.000000",,"system",,1,0,0,0,"Thêm mới công ty","ADD_CONTRACTOR_HTC",,"/contractor-htc",
234,"vn","2020-09-01 00:00:00.000000",,"system",,1,0,0,0,"Chỉnh sửa công ty","EDIT_CONTRACTOR_HTC",,"/contractor-htc",
235,"vn","2020-09-01 00:00:00.000000",,"system",,1,0,0,0,"Xuất dữ liệu EXCEL công ty","EXPORT_EXCEL_CONTRACTOR_HTC",,"/contractor-htc",
236,"vn","2020-09-01 00:00:00.000000",,"system",,1,0,0,0,"Xuất dữ liệu PDF công ty","EXPORT_PDF_CONTRACTOR_HTC",,"/contractor-htc",
237,"vn","2020-09-01 00:00:00.000000",,"system",,1,0,0,0,"Hiển thị mẫu hợp đồng","VIEW_CONTRACT_FORM",,"/contract-form",
238,"vn","2020-09-01 00:00:00.000000",,"system",,1,0,0,0,"Thêm mới mẫu hợp đồng","ADD_CONTRACT_FORM",,"/contract-form",
239,"vn","2020-09-01 00:00:00.000000",,"system",,1,0,0,0,"Chỉnh sửa mẫu hợp đồng","EDIT_CONTRACT_FORM",,"/contract-form",
240,"vn","2020-09-01 00:00:00.000000",,"system",,1,0,0,0,"Xóa mẫu hợp đồng","DELETE_CONTRACT_FORM",,"/contract-form",
241,"vn","2020-09-01 00:00:00.000000",,"system",,1,0,0,0,"Xuất dữ liệu EXCEL mẫu hợp đồng","EXPORT_EXCEL_CONTRACT_FORM",,"/contract-form",
242,"vn","2020-09-01 00:00:00.000000",,"system",,1,0,0,0,"Xuất dữ liệu PDF mẫu hợp đồng","EXPORT_PDF_CONTRACT_FORM",,"/contract-form",
243,"vn","2020-09-01 00:00:00.000000",,"system",,1,0,0,0,"Hiển thị danh sách lĩnh vực khách hàng","VIEWLIST_INDUSTRY",,"/industry",
244,"vn","2020-09-01 00:00:00.000000",,"system",,1,0,0,0,"Thêm mới lĩnh vực khách hàng","ADD_NEW_INDUSTRY",,"/industry",
245,"vn","2020-09-01 00:00:00.000000",,"system",,1,0,0,0,"Xóa lĩnh vực khách hàng","DELETE_INDUSTRY",,"/industry",
246,"vn","2020-09-01 00:00:00.000000",,"system",,1,0,0,0,"Xuất excel danh sách lĩnh vực khách hàng","EXPORT_EXCEL_INDUSTRY",,"/industry",
247,"vn","2020-09-01 00:00:00.000000",,"system",,1,0,0,0,"Xuất pdf danh sách lĩnh vực khách hàng","EXPORT_PDF_INDUSTRY",,"/industry",
433,"vn","2020-09-01 00:00:00.000000",,"system",,1,0,0,0,"Xem báo cáo tổng doanh thu","VIEWLIST_TOTAL_REVENUE",,"/report/report-total-revenue",
434,"vn","2020-09-01 00:00:00.000000",,"system",,1,0,0,0,"Xác nhận vào/ra thiết bị","CONFIRM_IN_OUT_EQUIPMENT",,"/transaction-management",
435,"vn","2020-09-01 00:00:00.000000",,"system",,1,0,0,0,"Nghiệm thu kĩ thuật","TECHNICAL_ACCEPTANCE",,"/transaction-management",
436,"vn","2020-09-01 00:00:00.000000",,"system",,1,0,0,0,"Xem báo cáo khách hàng tổng hợp ","VIEW_REPORT_GENERAL_CSKH_FTTH",,"/report/general-cskh-ffth",
437,"vn","2020-09-01 00:00:00.000000",,"system",,1,0,0,0,"Xem báo cáo file xuất hóa đơn","VIEW_REPORT_EXPORT_INVOICE",,"/report/report-export-invoice",
438,"vn","2020-09-01 00:00:00.000000",,"system",,1,0,0,0,"Xem Báo cáo công nợ phải chi doanh nghiệp FTTH CSKH","VIEW_REPORT_PAYMENT_VOUCHER",,"/report/payment-voucher",
439,"vn","2020-09-01 00:00:00.000000",,"system",,1,0,0,0,"Xem báo cáo chi phí kênh truyền","VIEW_REPORT_CHANNEL_FEE_REPORT",,"/report/channel-fee-report",
440,"vn","2020-09-01 00:00:00.000000",,"system",,1,0,0,0,"Nhập lên tệp tin dữ liệu hợp đồng","IMPORT_SEED_CONTRACT",,"/contract-output-management",
441,"vn","2020-09-01 00:00:00.000000",,"system",,1,0,0,0,"Xem phụ lục của phòng Kỹ Thuật","VIEW_TRANSACTION_OF_SUPPORTER",,"/transaction-management",
442,"vn","2020-09-01 00:00:00.000000",,"system",,1,0,0,0,"Xem phụ lục của phòng CCDV","VIEW_TRANSACTION_OF_SERVICE_SUPPLIER",,"/transaction-management",
443,"vn","2020-09-01 00:00:00.000000",,"system",,1,0,0,0,"Chỉnh sửa giao dịch/phụ lục trước khi triển khai","EDIT_TRANSACTION",,"/transaction-management",
-1,"vn","2020-09-01 00:00:00.000000",,"system",,1,0,0,0,"Gia hạn hợp đồng","RENEW_CONTRACT",,"/contract-output-management",